Field,ID,Type (类型),default,en-us,zh
Description,2,文本,WinLive is a local first photo library for Windows. It helps you browse Live Photos exported from iPhone and iPad as HEIC plus MOV pairs alongside everyday images and videos. You can open local media folders view photos and keep your files on your device.,WinLive is a local first photo library for Windows. It helps you browse Live Photos exported from iPhone and iPad as HEIC plus MOV pairs alongside everyday images and videos. You can open local media folders view photos and keep your files on your device.,WinLive 是一款适用于 Windows 的本地优先照片图库。它可以浏览从 iPhone 和 iPad 导出的 HEIC 加 MOV Live Photo 组合以及常见图片和视频。你可以打开本地媒体文件夹查看照片并让文件保留在自己的设备上。
ReleaseNotes,3,文本,Initial Microsoft Store release with local Live Photo browsing for Windows.,Initial Microsoft Store release with local Live Photo browsing for Windows.,首个 Microsoft Store 版本。支持在 Windows 上本地浏览 Live Photo。
Title,4,文本,WinLive,WinLive,WinLive
ShortTitle,5,文本,,,
SortTitle,6,文本,,,
VoiceTitle,7,文本,,,
ShortDescription,8,文本,Local Live Photo viewer for Windows,Local Live Photo viewer for Windows,Windows 本地 Live Photo 查看器
DevStudio,9,文本,DevXDojo,DevXDojo,DevXDojo
CopyrightTrademarkInformation,12,文本,Copyright 2026 DevXDojo. All rights reserved.,Copyright 2026 DevXDojo. All rights reserved.,版权所有 2026 DevXDojo。保留所有权利。
AdditionalLicenseTerms,13,文本,WinLive is distributed under the GNU General Public License v3.0. FFmpeg components are provided under their respective licenses.,WinLive is distributed under the GNU General Public License v3.0. FFmpeg components are provided under their respective licenses.,WinLive 根据 GNU General Public License v3.0 分发。FFmpeg 组件遵循其各自许可证。
DesktopScreenshot1,100,相对路径(或指向合作伙伴中心文件的 URL),listingData/imgs/screenshot-1.png,listingData/imgs/screenshot-1.png,listingData/imgs/screenshot-1.png
DesktopScreenshot2,101,相对路径(或指向合作伙伴中心文件的 URL),listingData/imgs/screenshot-2.png,listingData/imgs/screenshot-2.png,listingData/imgs/screenshot-2.png
DesktopScreenshot3,102,相对路径(或指向合作伙伴中心文件的 URL),,,
DesktopScreenshot4,103,相对路径(或指向合作伙伴中心文件的 URL),,,
DesktopScreenshot5,104,相对路径(或指向合作伙伴中心文件的 URL),,,
DesktopScreenshot6,105,相对路径(或指向合作伙伴中心文件的 URL),,,
DesktopScreenshot7,106,相对路径(或指向合作伙伴中心文件的 URL),,,
DesktopScreenshot8,107,相对路径(或指向合作伙伴中心文件的 URL),,,
DesktopScreenshot9,108,相对路径(或指向合作伙伴中心文件的 URL),,,
DesktopScreenshot10,109,相对路径(或指向合作伙伴中心文件的 URL),,,
DesktopScreenshot11,110,相对路径(或指向合作伙伴中心文件的 URL),,,
DesktopScreenshot12,111,相对路径(或指向合作伙伴中心文件的 URL),,,
DesktopScreenshot13,112,相对路径(或指向合作伙伴中心文件的 URL),,,
DesktopScreenshot14,113,相对路径(或指向合作伙伴中心文件的 URL),,,
DesktopScreenshot15,114,相对路径(或指向合作伙伴中心文件的 URL),,,
DesktopScreenshot16,115,相对路径(或指向合作伙伴中心文件的 URL),,,
DesktopScreenshot17,116,相对路径(或指向合作伙伴中心文件的 URL),,,
DesktopScreenshot18,117,相对路径(或指向合作伙伴中心文件的 URL),,,
DesktopScreenshot19,118,相对路径(或指向合作伙伴中心文件的 URL),,,
DesktopScreenshot20,119,相对路径(或指向合作伙伴中心文件的 URL),,,
DesktopScreenshot21,120,相对路径(或指向合作伙伴中心文件的 URL),,,
DesktopScreenshot22,121,相对路径(或指向合作伙伴中心文件的 URL),,,
DesktopScreenshot23,122,相对路径(或指向合作伙伴中心文件的 URL),,,
DesktopScreenshot24,123,相对路径(或指向合作伙伴中心文件的 URL),,,
DesktopScreenshot25,124,相对路径(或指向合作伙伴中心文件的 URL),,,
DesktopScreenshot26,125,相对路径(或指向合作伙伴中心文件的 URL),,,
DesktopScreenshot27,126,相对路径(或指向合作伙伴中心文件的 URL),,,
DesktopScreenshot28,127,相对路径(或指向合作伙伴中心文件的 URL),,,
DesktopScreenshot29,128,相对路径(或指向合作伙伴中心文件的 URL),,,
DesktopScreenshot30,129,相对路径(或指向合作伙伴中心文件的 URL),,,
DesktopScreenshotCaption1,150,文本,Browse local photos and Live Photos in a clean Windows library.,Browse local photos and Live Photos in a clean Windows library.,在清爽的 Windows 图库中浏览本地照片和 Live Photo。
DesktopScreenshotCaption2,151,文本,Open media locally and keep your files on your device.,Open media locally and keep your files on your device.,本地打开媒体文件并让文件保留在你的设备上。
DesktopScreenshotCaption3,152,文本,,,
DesktopScreenshotCaption4,153,文本,,,
DesktopScreenshotCaption5,154,文本,,,
DesktopScreenshotCaption6,155,文本,,,
DesktopScreenshotCaption7,156,文本,,,
DesktopScreenshotCaption8,157,文本,,,
DesktopScreenshotCaption9,158,文本,,,
DesktopScreenshotCaption10,159,文本,,,
DesktopScreenshotCaption11,160,文本,,,
DesktopScreenshotCaption12,161,文本,,,
DesktopScreenshotCaption13,162,文本,,,
DesktopScreenshotCaption14,163,文本,,,
DesktopScreenshotCaption15,164,文本,,,
DesktopScreenshotCaption16,165,文本,,,
DesktopScreenshotCaption17,166,文本,,,
DesktopScreenshotCaption18,167,文本,,,
DesktopScreenshotCaption19,168,文本,,,
DesktopScreenshotCaption20,169,文本,,,
DesktopScreenshotCaption21,170,文本,,,
DesktopScreenshotCaption22,171,文本,,,
DesktopScreenshotCaption23,172,文本,,,
DesktopScreenshotCaption24,173,文本,,,
DesktopScreenshotCaption25,174,文本,,,
DesktopScreenshotCaption26,175,文本,,,
DesktopScreenshotCaption27,176,文本,,,
DesktopScreenshotCaption28,177,文本,,,
DesktopScreenshotCaption29,178,文本,,,
DesktopScreenshotCaption30,179,文本,,,
MobileScreenshot1,200,相对路径(或指向合作伙伴中心文件的 URL),,,
MobileScreenshot2,201,相对路径(或指向合作伙伴中心文件的 URL),,,
MobileScreenshot3,202,相对路径(或指向合作伙伴中心文件的 URL),,,
MobileScreenshot4,203,相对路径(或指向合作伙伴中心文件的 URL),,,
MobileScreenshot5,204,相对路径(或指向合作伙伴中心文件的 URL),,,
MobileScreenshot6,205,相对路径(或指向合作伙伴中心文件的 URL),,,
MobileScreenshot7,206,相对路径(或指向合作伙伴中心文件的 URL),,,
MobileScreenshot8,207,相对路径(或指向合作伙伴中心文件的 URL),,,
MobileScreenshot9,208,相对路径(或指向合作伙伴中心文件的 URL),,,
MobileScreenshot10,209,相对路径(或指向合作伙伴中心文件的 URL),,,
MobileScreenshot11,210,相对路径(或指向合作伙伴中心文件的 URL),,,
MobileScreenshot12,211,相对路径(或指向合作伙伴中心文件的 URL),,,
MobileScreenshot13,212,相对路径(或指向合作伙伴中心文件的 URL),,,
MobileScreenshot14,213,相对路径(或指向合作伙伴中心文件的 URL),,,
MobileScreenshot15,214,相对路径(或指向合作伙伴中心文件的 URL),,,
MobileScreenshot16,215,相对路径(或指向合作伙伴中心文件的 URL),,,
MobileScreenshot17,216,相对路径(或指向合作伙伴中心文件的 URL),,,
MobileScreenshot18,217,相对路径(或指向合作伙伴中心文件的 URL),,,
MobileScreenshot19,218,相对路径(或指向合作伙伴中心文件的 URL),,,
MobileScreenshot20,219,相对路径(或指向合作伙伴中心文件的 URL),,,
MobileScreenshot21,220,相对路径(或指向合作伙伴中心文件的 URL),,,
MobileScreenshot22,221,相对路径(或指向合作伙伴中心文件的 URL),,,
MobileScreenshot23,222,相对路径(或指向合作伙伴中心文件的 URL),,,
MobileScreenshot24,223,相对路径(或指向合作伙伴中心文件的 URL),,,
MobileScreenshot25,224,相对路径(或指向合作伙伴中心文件的 URL),,,
MobileScreenshot26,225,相对路径(或指向合作伙伴中心文件的 URL),,,
MobileScreenshot27,226,相对路径(或指向合作伙伴中心文件的 URL),,,
MobileScreenshot28,227,相对路径(或指向合作伙伴中心文件的 URL),,,
MobileScreenshot29,228,相对路径(或指向合作伙伴中心文件的 URL),,,
MobileScreenshot30,229,相对路径(或指向合作伙伴中心文件的 URL),,,
MobileScreenshotCaption1,250,文本,,,
MobileScreenshotCaption2,251,文本,,,
MobileScreenshotCaption3,252,文本,,,
MobileScreenshotCaption4,253,文本,,,
MobileScreenshotCaption5,254,文本,,,
MobileScreenshotCaption6,255,文本,,,
MobileScreenshotCaption7,256,文本,,,
MobileScreenshotCaption8,257,文本,,,
MobileScreenshotCaption9,258,文本,,,
MobileScreenshotCaption10,259,文本,,,
MobileScreenshotCaption11,260,文本,,,
MobileScreenshotCaption12,261,文本,,,
MobileScreenshotCaption13,262,文本,,,
MobileScreenshotCaption14,263,文本,,,
MobileScreenshotCaption15,264,文本,,,
MobileScreenshotCaption16,265,文本,,,
MobileScreenshotCaption17,266,文本,,,
MobileScreenshotCaption18,267,文本,,,
MobileScreenshotCaption19,268,文本,,,
MobileScreenshotCaption20,269,文本,,,
MobileScreenshotCaption21,270,文本,,,
MobileScreenshotCaption22,271,文本,,,
MobileScreenshotCaption23,272,文本,,,
MobileScreenshotCaption24,273,文本,,,
MobileScreenshotCaption25,274,文本,,,
MobileScreenshotCaption26,275,文本,,,
MobileScreenshotCaption27,276,文本,,,
MobileScreenshotCaption28,277,文本,,,
MobileScreenshotCaption29,278,文本,,,
MobileScreenshotCaption30,279,文本,,,
XboxScreenshot1,300,相对路径(或指向合作伙伴中心文件的 URL),,,
XboxScreenshot2,301,相对路径(或指向合作伙伴中心文件的 URL),,,
XboxScreenshot3,302,相对路径(或指向合作伙伴中心文件的 URL),,,
XboxScreenshot4,303,相对路径(或指向合作伙伴中心文件的 URL),,,
XboxScreenshot5,304,相对路径(或指向合作伙伴中心文件的 URL),,,
XboxScreenshot6,305,相对路径(或指向合作伙伴中心文件的 URL),,,
XboxScreenshot7,306,相对路径(或指向合作伙伴中心文件的 URL),,,
XboxScreenshot8,307,相对路径(或指向合作伙伴中心文件的 URL),,,
XboxScreenshot9,308,相对路径(或指向合作伙伴中心文件的 URL),,,
XboxScreenshot10,309,相对路径(或指向合作伙伴中心文件的 URL),,,
XboxScreenshot11,310,相对路径(或指向合作伙伴中心文件的 URL),,,
XboxScreenshot12,311,相对路径(或指向合作伙伴中心文件的 URL),,,
XboxScreenshot13,312,相对路径(或指向合作伙伴中心文件的 URL),,,
XboxScreenshot14,313,相对路径(或指向合作伙伴中心文件的 URL),,,
XboxScreenshot15,314,相对路径(或指向合作伙伴中心文件的 URL),,,
XboxScreenshot16,315,相对路径(或指向合作伙伴中心文件的 URL),,,
XboxScreenshot17,316,相对路径(或指向合作伙伴中心文件的 URL),,,
XboxScreenshot18,317,相对路径(或指向合作伙伴中心文件的 URL),,,
XboxScreenshot19,318,相对路径(或指向合作伙伴中心文件的 URL),,,
XboxScreenshot20,319,相对路径(或指向合作伙伴中心文件的 URL),,,
XboxScreenshot21,320,相对路径(或指向合作伙伴中心文件的 URL),,,
XboxScreenshot22,321,相对路径(或指向合作伙伴中心文件的 URL),,,
XboxScreenshot23,322,相对路径(或指向合作伙伴中心文件的 URL),,,
XboxScreenshot24,323,相对路径(或指向合作伙伴中心文件的 URL),,,
XboxScreenshot25,324,相对路径(或指向合作伙伴中心文件的 URL),,,
XboxScreenshot26,325,相对路径(或指向合作伙伴中心文件的 URL),,,
XboxScreenshot27,326,相对路径(或指向合作伙伴中心文件的 URL),,,
XboxScreenshot28,327,相对路径(或指向合作伙伴中心文件的 URL),,,
XboxScreenshot29,328,相对路径(或指向合作伙伴中心文件的 URL),,,
XboxScreenshot30,329,相对路径(或指向合作伙伴中心文件的 URL),,,
XboxScreenshotCaption1,350,文本,,,
XboxScreenshotCaption2,351,文本,,,
XboxScreenshotCaption3,352,文本,,,
XboxScreenshotCaption4,353,文本,,,
XboxScreenshotCaption5,354,文本,,,
XboxScreenshotCaption6,355,文本,,,
XboxScreenshotCaption7,356,文本,,,
XboxScreenshotCaption8,357,文本,,,
XboxScreenshotCaption9,358,文本,,,
XboxScreenshotCaption10,359,文本,,,
XboxScreenshotCaption11,360,文本,,,
XboxScreenshotCaption12,361,文本,,,
XboxScreenshotCaption13,362,文本,,,
XboxScreenshotCaption14,363,文本,,,
XboxScreenshotCaption15,364,文本,,,
XboxScreenshotCaption16,365,文本,,,
XboxScreenshotCaption17,366,文本,,,
XboxScreenshotCaption18,367,文本,,,
XboxScreenshotCaption19,368,文本,,,
XboxScreenshotCaption20,369,文本,,,
XboxScreenshotCaption21,370,文本,,,
XboxScreenshotCaption22,371,文本,,,
XboxScreenshotCaption23,372,文本,,,
XboxScreenshotCaption24,373,文本,,,
XboxScreenshotCaption25,374,文本,,,
XboxScreenshotCaption26,375,文本,,,
XboxScreenshotCaption27,376,文本,,,
XboxScreenshotCaption28,377,文本,,,
XboxScreenshotCaption29,378,文本,,,
XboxScreenshotCaption30,379,文本,,,
HolographicScreenshot1,400,相对路径(或指向合作伙伴中心文件的 URL),,,
HolographicScreenshot2,401,相对路径(或指向合作伙伴中心文件的 URL),,,
HolographicScreenshot3,402,相对路径(或指向合作伙伴中心文件的 URL),,,
HolographicScreenshot4,403,相对路径(或指向合作伙伴中心文件的 URL),,,
HolographicScreenshot5,404,相对路径(或指向合作伙伴中心文件的 URL),,,
HolographicScreenshot6,405,相对路径(或指向合作伙伴中心文件的 URL),,,
HolographicScreenshot7,406,相对路径(或指向合作伙伴中心文件的 URL),,,
HolographicScreenshot8,407,相对路径(或指向合作伙伴中心文件的 URL),,,
HolographicScreenshot9,408,相对路径(或指向合作伙伴中心文件的 URL),,,
HolographicScreenshot10,409,相对路径(或指向合作伙伴中心文件的 URL),,,
HolographicScreenshot11,410,相对路径(或指向合作伙伴中心文件的 URL),,,
HolographicScreenshot12,411,相对路径(或指向合作伙伴中心文件的 URL),,,
HolographicScreenshot13,412,相对路径(或指向合作伙伴中心文件的 URL),,,
HolographicScreenshot14,413,相对路径(或指向合作伙伴中心文件的 URL),,,
HolographicScreenshot15,414,相对路径(或指向合作伙伴中心文件的 URL),,,
HolographicScreenshot16,415,相对路径(或指向合作伙伴中心文件的 URL),,,
HolographicScreenshot17,416,相对路径(或指向合作伙伴中心文件的 URL),,,
HolographicScreenshot18,417,相对路径(或指向合作伙伴中心文件的 URL),,,
HolographicScreenshot19,418,相对路径(或指向合作伙伴中心文件的 URL),,,
HolographicScreenshot20,419,相对路径(或指向合作伙伴中心文件的 URL),,,
HolographicScreenshot21,420,相对路径(或指向合作伙伴中心文件的 URL),,,
HolographicScreenshot22,421,相对路径(或指向合作伙伴中心文件的 URL),,,
HolographicScreenshot23,422,相对路径(或指向合作伙伴中心文件的 URL),,,
HolographicScreenshot24,423,相对路径(或指向合作伙伴中心文件的 URL),,,
HolographicScreenshot25,424,相对路径(或指向合作伙伴中心文件的 URL),,,
HolographicScreenshot26,425,相对路径(或指向合作伙伴中心文件的 URL),,,
HolographicScreenshot27,426,相对路径(或指向合作伙伴中心文件的 URL),,,
HolographicScreenshot28,427,相对路径(或指向合作伙伴中心文件的 URL),,,
HolographicScreenshot29,428,相对路径(或指向合作伙伴中心文件的 URL),,,
HolographicScreenshot30,429,相对路径(或指向合作伙伴中心文件的 URL),,,
HolographicScreenshotCaption1,450,文本,,,
HolographicScreenshotCaption2,451,文本,,,
HolographicScreenshotCaption3,452,文本,,,
HolographicScreenshotCaption4,453,文本,,,
HolographicScreenshotCaption5,454,文本,,,
HolographicScreenshotCaption6,455,文本,,,
HolographicScreenshotCaption7,456,文本,,,
HolographicScreenshotCaption8,457,文本,,,
HolographicScreenshotCaption9,458,文本,,,
HolographicScreenshotCaption10,459,文本,,,
HolographicScreenshotCaption11,460,文本,,,
HolographicScreenshotCaption12,461,文本,,,
HolographicScreenshotCaption13,462,文本,,,
HolographicScreenshotCaption14,463,文本,,,
HolographicScreenshotCaption15,464,文本,,,
HolographicScreenshotCaption16,465,文本,,,
HolographicScreenshotCaption17,466,文本,,,
HolographicScreenshotCaption18,467,文本,,,
HolographicScreenshotCaption19,468,文本,,,
HolographicScreenshotCaption20,469,文本,,,
HolographicScreenshotCaption21,470,文本,,,
HolographicScreenshotCaption22,471,文本,,,
HolographicScreenshotCaption23,472,文本,,,
HolographicScreenshotCaption24,473,文本,,,
HolographicScreenshotCaption25,474,文本,,,
HolographicScreenshotCaption26,475,文本,,,
HolographicScreenshotCaption27,476,文本,,,
HolographicScreenshotCaption28,477,文本,,,
HolographicScreenshotCaption29,478,文本,,,
HolographicScreenshotCaption30,479,文本,,,
SurfaceHubScreenshot11,510,相对路径(或指向合作伙伴中心文件的 URL),,,
SurfaceHubScreenshot12,511,相对路径(或指向合作伙伴中心文件的 URL),,,
SurfaceHubScreenshot13,512,相对路径(或指向合作伙伴中心文件的 URL),,,
SurfaceHubScreenshot14,513,相对路径(或指向合作伙伴中心文件的 URL),,,
SurfaceHubScreenshot15,514,相对路径(或指向合作伙伴中心文件的 URL),,,
SurfaceHubScreenshot16,515,相对路径(或指向合作伙伴中心文件的 URL),,,
SurfaceHubScreenshot17,516,相对路径(或指向合作伙伴中心文件的 URL),,,
SurfaceHubScreenshot18,517,相对路径(或指向合作伙伴中心文件的 URL),,,
SurfaceHubScreenshot19,518,相对路径(或指向合作伙伴中心文件的 URL),,,
SurfaceHubScreenshot20,519,相对路径(或指向合作伙伴中心文件的 URL),,,
SurfaceHubScreenshot21,520,相对路径(或指向合作伙伴中心文件的 URL),,,
SurfaceHubScreenshot22,521,相对路径(或指向合作伙伴中心文件的 URL),,,
SurfaceHubScreenshot23,522,相对路径(或指向合作伙伴中心文件的 URL),,,
SurfaceHubScreenshot24,523,相对路径(或指向合作伙伴中心文件的 URL),,,
SurfaceHubScreenshot25,524,相对路径(或指向合作伙伴中心文件的 URL),,,
SurfaceHubScreenshot26,525,相对路径(或指向合作伙伴中心文件的 URL),,,
SurfaceHubScreenshot27,526,相对路径(或指向合作伙伴中心文件的 URL),,,
SurfaceHubScreenshot28,527,相对路径(或指向合作伙伴中心文件的 URL),,,
SurfaceHubScreenshot29,528,相对路径(或指向合作伙伴中心文件的 URL),,,
SurfaceHubScreenshot30,529,相对路径(或指向合作伙伴中心文件的 URL),,,
SurfaceHubScreenshotCaption11,560,文本,,,
SurfaceHubScreenshotCaption12,561,文本,,,
SurfaceHubScreenshotCaption13,562,文本,,,
SurfaceHubScreenshotCaption14,563,文本,,,
SurfaceHubScreenshotCaption15,564,文本,,,
SurfaceHubScreenshotCaption16,565,文本,,,
SurfaceHubScreenshotCaption17,566,文本,,,
SurfaceHubScreenshotCaption18,567,文本,,,
SurfaceHubScreenshotCaption19,568,文本,,,
SurfaceHubScreenshotCaption20,569,文本,,,
SurfaceHubScreenshotCaption21,570,文本,,,
SurfaceHubScreenshotCaption22,571,文本,,,
SurfaceHubScreenshotCaption23,572,文本,,,
SurfaceHubScreenshotCaption24,573,文本,,,
SurfaceHubScreenshotCaption25,574,文本,,,
SurfaceHubScreenshotCaption26,575,文本,,,
SurfaceHubScreenshotCaption27,576,文本,,,
SurfaceHubScreenshotCaption28,577,文本,,,
SurfaceHubScreenshotCaption29,578,文本,,,
SurfaceHubScreenshotCaption30,579,文本,,,
StoreLogo720x1080,600,相对路径(或指向合作伙伴中心文件的 URL),,,
StoreLogo1080x1080,601,相对路径(或指向合作伙伴中心文件的 URL),,,
StoreLogo300x300,602,相对路径(或指向合作伙伴中心文件的 URL),,,
OverrideLogosForWin10,603,True/False,,FALSE,FALSE
StoreLogoOverride150x150,604,相对路径(或指向合作伙伴中心文件的 URL),,,
StoreLogoOverride71x71,605,相对路径(或指向合作伙伴中心文件的 URL),,,
PromoImage1920x1080,606,相对路径(或指向合作伙伴中心文件的 URL),,,
PromoImage2400x1200,607,相对路径(或指向合作伙伴中心文件的 URL),,,
XboxBrandedKeyArt584x800,608,相对路径(或指向合作伙伴中心文件的 URL),,,
XboxTitledHero1920x1080,609,相对路径(或指向合作伙伴中心文件的 URL),,,
XboxFeaturedPromo1080x1080,610,相对路径(或指向合作伙伴中心文件的 URL),,,
OptionalPromo358x358,611,相对路径(或指向合作伙伴中心文件的 URL),,,
OptionalPromo1000x800,612,相对路径(或指向合作伙伴中心文件的 URL),,,
OptionalPromo414x180,613,相对路径(或指向合作伙伴中心文件的 URL),,,
Feature1,700,文本,Browse HEIC plus MOV Live Photo pairs exported from iPhone and iPad,Browse HEIC plus MOV Live Photo pairs exported from iPhone and iPad,浏览从 iPhone 和 iPad 导出的 HEIC 加 MOV Live Photo 组合
Feature2,701,文本,View local photos and videos in a Windows desktop library,View local photos and videos in a Windows desktop library,在 Windows 桌面图库中查看本地照片和视频
Feature3,702,文本,Keep media processing local on your device,Keep media processing local on your device,媒体处理保留在本机完成
Feature4,703,文本,Organize favorites and albums for everyday photo browsing,Organize favorites and albums for everyday photo browsing,通过收藏和相册整理日常照片
Feature5,704,文本,,,
Feature6,705,文本,,,
Feature7,706,文本,,,
Feature8,707,文本,,,
Feature9,708,文本,,,
Feature10,709,文本,,,
Feature11,710,文本,,,
Feature12,711,文本,,,
Feature13,712,文本,,,
Feature14,713,文本,,,
Feature15,714,文本,,,
Feature16,715,文本,,,
Feature17,716,文本,,,
Feature18,717,文本,,,
Feature19,718,文本,,,
Feature20,719,文本,,,
MinimumHardwareReq1,800,文本,,,
MinimumHardwareReq2,801,文本,,,
MinimumHardwareReq3,802,文本,,,
MinimumHardwareReq4,803,文本,,,
MinimumHardwareReq5,804,文本,,,
MinimumHardwareReq6,805,文本,,,
MinimumHardwareReq7,806,文本,,,
MinimumHardwareReq8,807,文本,,,
MinimumHardwareReq9,808,文本,,,
MinimumHardwareReq10,809,文本,,,
MinimumHardwareReq11,810,文本,,,
RecommendedHardwareReq1,850,文本,,,
RecommendedHardwareReq2,851,文本,,,
RecommendedHardwareReq3,852,文本,,,
RecommendedHardwareReq4,853,文本,,,
RecommendedHardwareReq5,854,文本,,,
RecommendedHardwareReq6,855,文本,,,
RecommendedHardwareReq7,856,文本,,,
RecommendedHardwareReq8,857,文本,,,
RecommendedHardwareReq9,858,文本,,,
RecommendedHardwareReq10,859,文本,,,
RecommendedHardwareReq11,860,文本,,,
SearchTerm1,900,文本,live photo,live photo,live photo
SearchTerm2,901,文本,heic,heic,heic
SearchTerm3,902,文本,photo viewer,photo viewer,照片查看器
SearchTerm4,903,文本,media library,media library,媒体库
SearchTerm5,904,文本,iphone photos,iphone photos,iPhone 照片
SearchTerm6,905,文本,local photos,local photos,本地照片
SearchTerm7,906,文本,windows photos,windows photos,Windows 照片
TrailerToPlayAtTopOfListing,999,相对路径(或指向合作伙伴中心文件的 URL),,,
Trailer1,1000,相对路径(或指向合作伙伴中心文件的 URL),,,
Trailer2,1001,相对路径(或指向合作伙伴中心文件的 URL),,,
Trailer3,1002,相对路径(或指向合作伙伴中心文件的 URL),,,
Trailer4,1003,相对路径(或指向合作伙伴中心文件的 URL),,,
Trailer5,1004,相对路径(或指向合作伙伴中心文件的 URL),,,
Trailer6,1005,相对路径(或指向合作伙伴中心文件的 URL),,,
Trailer7,1006,相对路径(或指向合作伙伴中心文件的 URL),,,
Trailer8,1007,相对路径(或指向合作伙伴中心文件的 URL),,,
Trailer9,1008,相对路径(或指向合作伙伴中心文件的 URL),,,
Trailer10,1009,相对路径(或指向合作伙伴中心文件的 URL),,,
Trailer11,1010,相对路径(或指向合作伙伴中心文件的 URL),,,
Trailer12,1011,相对路径(或指向合作伙伴中心文件的 URL),,,
Trailer13,1012,相对路径(或指向合作伙伴中心文件的 URL),,,
Trailer14,1013,相对路径(或指向合作伙伴中心文件的 URL),,,
Trailer15,1014,相对路径(或指向合作伙伴中心文件的 URL),,,
TrailerTitle1,1020,文本,,,
TrailerTitle2,1021,文本,,,
TrailerTitle3,1022,文本,,,
TrailerTitle4,1023,文本,,,
TrailerTitle5,1024,文本,,,
TrailerTitle6,1025,文本,,,
TrailerTitle7,1026,文本,,,
TrailerTitle8,1027,文本,,,
TrailerTitle9,1028,文本,,,
TrailerTitle10,1029,文本,,,
TrailerTitle11,1030,文本,,,
TrailerTitle12,1031,文本,,,
TrailerTitle13,1032,文本,,,
TrailerTitle14,1033,文本,,,
TrailerTitle15,1034,文本,,,
TrailerThumbnail1,1040,相对路径(或指向合作伙伴中心文件的 URL),,,
TrailerThumbnail2,1041,相对路径(或指向合作伙伴中心文件的 URL),,,
TrailerThumbnail3,1042,相对路径(或指向合作伙伴中心文件的 URL),,,
TrailerThumbnail4,1043,相对路径(或指向合作伙伴中心文件的 URL),,,
TrailerThumbnail5,1044,相对路径(或指向合作伙伴中心文件的 URL),,,
TrailerThumbnail6,1045,相对路径(或指向合作伙伴中心文件的 URL),,,
TrailerThumbnail7,1046,相对路径(或指向合作伙伴中心文件的 URL),,,
TrailerThumbnail8,1047,相对路径(或指向合作伙伴中心文件的 URL),,,
TrailerThumbnail9,1048,相对路径(或指向合作伙伴中心文件的 URL),,,
TrailerThumbnail10,1049,相对路径(或指向合作伙伴中心文件的 URL),,,
TrailerThumbnail11,1050,相对路径(或指向合作伙伴中心文件的 URL),,,
TrailerThumbnail12,1051,相对路径(或指向合作伙伴中心文件的 URL),,,
TrailerThumbnail13,1052,相对路径(或指向合作伙伴中心文件的 URL),,,
TrailerThumbnail14,1053,相对路径(或指向合作伙伴中心文件的 URL),,,
TrailerThumbnail15,1054,相对路径(或指向合作伙伴中心文件的 URL),,,
TrailerClosedCaption1,1055,相对路径(或指向合作伙伴中心文件的 URL),,,
TrailerClosedCaption2,1056,相对路径(或指向合作伙伴中心文件的 URL),,,
TrailerClosedCaption3,1057,相对路径(或指向合作伙伴中心文件的 URL),,,
TrailerClosedCaption4,1058,相对路径(或指向合作伙伴中心文件的 URL),,,
TrailerClosedCaption5,1059,相对路径(或指向合作伙伴中心文件的 URL),,,
TrailerClosedCaption6,1060,相对路径(或指向合作伙伴中心文件的 URL),,,
TrailerClosedCaption7,1061,相对路径(或指向合作伙伴中心文件的 URL),,,
TrailerClosedCaption8,1062,相对路径(或指向合作伙伴中心文件的 URL),,,
TrailerClosedCaption9,1063,相对路径(或指向合作伙伴中心文件的 URL),,,
TrailerClosedCaption10,1064,相对路径(或指向合作伙伴中心文件的 URL),,,
TrailerClosedCaption11,1065,相对路径(或指向合作伙伴中心文件的 URL),,,
TrailerClosedCaption12,1066,相对路径(或指向合作伙伴中心文件的 URL),,,
TrailerClosedCaption13,1067,相对路径(或指向合作伙伴中心文件的 URL),,,
TrailerClosedCaption14,1068,相对路径(或指向合作伙伴中心文件的 URL),,,
TrailerClosedCaption15,1069,相对路径(或指向合作伙伴中心文件的 URL),,,
TrailerAudioDescription1,1070,相对路径(或指向合作伙伴中心文件的 URL),,,
TrailerAudioDescription2,1071,相对路径(或指向合作伙伴中心文件的 URL),,,
TrailerAudioDescription3,1072,相对路径(或指向合作伙伴中心文件的 URL),,,
TrailerAudioDescription4,1073,相对路径(或指向合作伙伴中心文件的 URL),,,
TrailerAudioDescription5,1074,相对路径(或指向合作伙伴中心文件的 URL),,,
TrailerAudioDescription6,1075,相对路径(或指向合作伙伴中心文件的 URL),,,
TrailerAudioDescription7,1076,相对路径(或指向合作伙伴中心文件的 URL),,,
TrailerAudioDescription8,1077,相对路径(或指向合作伙伴中心文件的 URL),,,
TrailerAudioDescription9,1078,相对路径(或指向合作伙伴中心文件的 URL),,,
TrailerAudioDescription10,1079,相对路径(或指向合作伙伴中心文件的 URL),,,
TrailerAudioDescription11,1080,相对路径(或指向合作伙伴中心文件的 URL),,,
TrailerAudioDescription12,1081,相对路径(或指向合作伙伴中心文件的 URL),,,
TrailerAudioDescription13,1082,相对路径(或指向合作伙伴中心文件的 URL),,,
TrailerAudioDescription14,1083,相对路径(或指向合作伙伴中心文件的 URL),,,
TrailerAudioDescription15,1084,相对路径(或指向合作伙伴中心文件的 URL),,,
